step,exact,kimi,srd,srd_f
1,5.55819,5.5596,5.55826,5.55826
2,5.47101,5.47394,5.47084,5.47083
3,5.38502,5.38532,5.38521,5.38521
4,5.30942,5.29714,5.30967,5.30965
5,5.18366,5.16714,5.18701,5.18688
6,5.34347,5.09198,5.3055,5.3074
7,5.08558,5.10338,5.07925,5.07976
8,5.05827,4.98659,5.06331,5.06206
9,5.03488,4.97882,5.04058,5.03966
10,4.99805,4.9753,5.00026,4.99804
11,4.97102,4.94855,4.95908,4.9629
12,4.9661,4.95399,4.98749,4.97603
13,4.97538,5.01639,5.00007,4.96757
14,4.97909,5.00267,4.95739,4.95256
15,4.96193,4.96404,4.94854,4.94899
16,4.94395,4.93461,4.94001,4.94169
17,4.93956,4.9386,4.93738,4.93821
18,4.90582,4.92217,4.90485,4.89015
19,4.93129,4.98884,4.92095,4.91933
20,4.94849,4.95358,4.93365,5.00585
21,4.88709,4.97754,4.88939,4.952
22,4.91196,4.9703,4.90781,4.93497
23,4.88646,4.92602,4.88557,4.88362
24,4.92833,4.94803,4.86526,4.87604
25,4.91298,4.93643,4.84845,4.87124
26,4.85091,4.92416,4.83418,4.84472
27,4.85549,4.92175,4.85344,4.85356
28,4.82597,4.90258,4.82011,4.83042
29,4.85231,4.93393,4.85463,4.85564
30,4.81055,4.89565,4.79179,4.80973
31,4.83195,4.91073,4.82483,4.82979
32,4.84216,4.91717,4.82966,4.8505
33,4.81613,4.90566,4.81068,4.83024
34,4.85053,4.92078,4.84168,4.85368
35,4.83598,4.9084,4.82999,4.84456
36,4.83699,4.88146,4.82273,4.84173
37,4.82308,4.86305,4.80828,4.84595
38,4.82098,4.85051,4.81615,4.86004
39,4.81824,4.84605,4.81614,4.85331
40,4.84611,4.8561,4.83541,4.8891
41,4.83217,4.84542,4.82332,4.83739
42,4.84598,4.82631,4.81194,4.83492
43,4.85249,4.81714,4.80757,4.82751
44,4.83154,4.81914,4.80923,4.8339
45,4.80643,4.8113,4.79378,4.83144
46,4.84095,4.80941,4.80135,4.81953
47,4.83848,4.81712,4.81016,4.83186
48,4.80772,4.79375,4.79304,4.805
49,4.81811,4.81865,4.80044,4.82821
50,4.8359,4.82962,4.82403,4.84068
51,4.83791,4.82347,4.81034,4.83333
52,4.82019,4.82282,4.80346,4.81277
53,4.82326,4.82364,4.81237,4.86479
54,4.81841,4.8112,4.80116,4.81541
55,4.82017,4.81233,4.81144,4.80973
56,4.82046,4.82568,4.80631,4.83368
57,4.82475,4.81318,4.80436,4.82227
58,4.85468,4.84771,4.83906,4.89773
59,4.86603,4.83903,4.84435,4.88081
60,4.83087,4.82189,4.81415,4.84343
61,4.82607,4.79523,4.79967,4.81961
62,4.82545,4.80099,4.80117,4.824
63,4.81949,4.80456,4.81025,4.81778
64,4.82962,4.81683,4.81205,4.85965
65,4.82194,4.79821,4.79331,4.8083
66,4.8201,4.80526,4.80856,4.81756
67,4.79901,4.79397,4.805,4.80941
68,4.81255,4.79633,4.80503,4.81001
69,4.82116,4.82057,4.82861,4.8307
70,4.804,4.80147,4.80544,4.80661
71,4.79751,4.80663,4.79635,4.79859
72,4.8216,4.81793,4.81838,4.82278
73,4.79202,4.7946,4.78756,4.8048
74,4.8201,4.81301,4.81449,4.81288
75,4.80388,4.80566,4.80746,4.82079
76,4.80395,4.80064,4.80245,4.80668
77,4.78937,4.78898,4.78637,4.79539
78,4.80893,4.80146,4.8061,4.80928
79,4.8181,4.81509,4.81406,4.81577
80,4.82859,4.82373,4.82026,4.83223
81,4.82433,4.82011,4.82282,4.82616
82,4.85402,4.83811,4.84598,4.8445
83,4.81618,4.80641,4.80802,4.81058
84,4.80327,4.79976,4.80332,4.81306
85,4.79666,4.79101,4.79544,4.79974
86,4.82225,4.8088,4.81353,4.82413
87,4.79242,4.77946,4.79659,4.80378
88,4.81852,4.8003,4.80658,4.81012
89,4.8088,4.78799,4.80638,4.80251
90,4.79627,4.78206,4.79377,4.79459
91,4.802,4.78841,4.79717,4.7968
92,4.77648,4.75583,4.7813,4.77365
93,4.80916,4.77116,4.79415,4.7979
94,4.77878,4.74852,4.78356,4.78157
95,4.82946,4.79524,4.82633,4.82286
96,4.81294,4.77735,4.80966,4.81066
97,4.80102,4.75845,4.80271,4.80099
98,4.78602,4.75382,4.80104,4.79006
99,4.79784,4.75624,4.80035,4.80285
100,4.80637,4.75265,4.81987,4.81008
101,4.81644,4.73482,4.8096,4.8128
102,4.78509,4.71974,4.78777,4.78699
103,4.79597,4.7304,4.79939,4.80004
104,4.82288,4.75039,4.82146,4.82361
105,4.8048,4.73506,4.80211,4.80415
106,4.79588,4.7227,4.79441,4.79505
107,4.8171,4.74083,4.814,4.81828
108,4.80163,4.71524,4.789,4.79129
109,4.81588,4.73486,4.81196,4.81237
110,4.81955,4.7463,4.81556,4.81877
111,4.80572,4.70065,4.78392,4.7863
112,4.81989,4.70874,4.79276,4.79496
113,4.80382,4.72309,4.79989,4.7959
114,4.82042,4.7427,4.81583,4.82013
115,4.79769,4.71537,4.79844,4.80891
116,4.81062,4.72762,4.80087,4.80104
117,4.80387,4.71656,4.80282,4.80476
118,4.82553,4.73067,4.81464,4.81677
119,4.8149,4.72546,4.8104,4.81138
120,4.8103,4.72842,4.81539,4.81347
121,4.78687,4.69468,4.78528,4.79731
122,4.77866,4.69771,4.78172,4.78134
123,4.80382,4.7219,4.80259,4.80081
124,4.78349,4.70579,4.7875,4.78668
125,4.81677,4.72791,4.80413,4.80775
126,4.78828,4.7067,4.79203,4.79126
127,4.79052,4.70173,4.7786,4.78264
128,4.83485,4.75505,4.82109,4.82551
129,4.8112,4.73421,4.81039,4.8209
130,4.80658,4.72126,4.79786,4.8178
131,4.8192,4.72154,4.8018,4.80606
132,4.82039,4.73483,4.81286,4.81457
133,4.79073,4.70451,4.7918,4.80742
134,4.79162,4.70838,4.79924,4.8025
135,4.79595,4.70525,4.78619,4.79246
136,4.76259,4.6911,4.77374,4.77787
137,4.77055,4.70142,4.78107,4.79048
138,4.78648,4.72292,4.79796,4.80585
139,4.76438,4.69301,4.78185,4.78662
140,4.76199,4.71107,4.78236,4.81015
141,4.75221,4.70921,4.78658,4.79649
142,4.75731,4.70853,4.78064,4.82376
143,4.77576,4.73708,4.81628,4.81426
144,4.74717,4.69984,4.77562,4.82228
145,4.76411,4.73579,4.79362,4.81335
146,4.74473,4.70693,4.76489,4.79034
147,4.75723,4.73438,4.77673,4.80463
148,4.73808,4.71931,4.74612,4.83514
149,4.75523,4.72997,4.77784,4.81252
150,4.73386,4.69223,4.7317,4.79689
151,4.75235,4.72762,4.76149,4.81741
152,4.73503,4.7078,4.73245,4.80086
153,4.76107,4.71993,4.75284,4.81326
154,4.74882,4.72558,4.75464,4.81756
155,4.74489,4.71587,4.73915,4.80853
156,4.72671,4.69567,4.72025,4.80605
157,4.72348,4.70068,4.71414,4.79672
158,4.71451,4.68973,4.70553,4.79663
159,4.73213,4.72107,4.73461,4.79637
160,4.73242,4.71123,4.73102,4.7964
161,4.73022,4.71773,4.72897,4.79817
162,4.71364,4.69516,4.70208,4.77224
163,4.72497,4.71075,4.72765,4.79073
164,4.71016,4.69986,4.70949,4.77576
165,4.71916,4.7093,4.71879,4.79572
166,4.75504,4.74904,4.75302,4.81906
167,4.71651,4.70948,4.71409,4.81099
168,4.74149,4.73238,4.7388,4.82085
169,4.72953,4.72563,4.72775,4.79951
170,4.70609,4.69234,4.70083,4.78883
171,4.71329,4.70928,4.70865,4.79661
172,4.7121,4.70713,4.71295,4.77905
173,4.72596,4.72449,4.719,4.78882
174,4.70361,4.69957,4.70228,4.77129
175,4.71817,4.70308,4.69936,4.76692
176,4.72453,4.71093,4.71668,4.78362
177,4.72821,4.71494,4.72616,4.78627
178,4.69597,4.68863,4.69557,4.76381
179,4.72427,4.7082,4.71447,4.77837
180,4.72665,4.72091,4.72708,4.77619
181,4.69234,4.68588,4.69816,4.75152
182,4.70806,4.70293,4.70824,4.76958
183,4.70838,4.70772,4.71275,4.77229
184,4.68708,4.68583,4.69494,4.74495
185,4.72399,4.72538,4.72355,4.76443
186,4.71466,4.70509,4.71453,4.7439
187,4.72117,4.71081,4.72062,4.73696
188,4.71158,4.70597,4.71074,4.73372
189,4.68707,4.67699,4.68571,4.71227
190,4.70788,4.71138,4.71288,4.71992
191,4.68638,4.69194,4.68873,4.71252
192,4.70887,4.7154,4.71319,4.74168
193,4.71152,4.70829,4.71052,4.71524
194,4.71197,4.7166,4.71595,4.71771
195,4.70652,4.7,4.70125,4.69924
196,4.70259,4.69567,4.70468,4.71137
197,4.70997,4.70268,4.70983,4.72337
198,4.70595,4.7029,4.7033,4.71062
199,4.70411,4.69431,4.70518,4.71477
200,4.70072,4.68989,4.69512,4.70821
201,4.73218,4.71624,4.71576,4.72415
202,4.70738,4.6989,4.70446,4.72143
203,4.69714,4.69133,4.69516,4.7058
204,4.69874,4.70021,4.70066,4.70723
205,4.72504,4.72309,4.72507,4.73977
206,4.68876,4.69023,4.69072,4.69161
207,4.71033,4.70654,4.71186,4.72698
208,4.67833,4.6726,4.67135,4.68043
209,4.71219,4.70596,4.7061,4.71131
210,4.69425,4.69069,4.69382,4.7028
211,4.71526,4.70682,4.71366,4.72073
212,4.71558,4.71116,4.7153,4.71238
213,4.72069,4.70654,4.71279,4.73072
214,4.71419,4.70729,4.71147,4.7145
215,4.70715,4.70635,4.70647,4.70658
216,4.71082,4.70137,4.70763,4.72027
217,4.72716,4.72281,4.72602,4.73836
218,4.70513,4.7011,4.70719,4.71155
219,4.69599,4.69564,4.69855,4.70348
220,4.70372,4.705,4.70652,4.7211
221,4.69169,4.68723,4.69112,4.71464
222,4.70716,4.68738,4.69215,4.70371
223,4.69843,4.69968,4.69912,4.69834
224,4.7119,4.71055,4.71282,4.7343
225,4.6782,4.67339,4.6776,4.67942
226,4.69493,4.69458,4.69559,4.69659
227,4.71755,4.71227,4.7132,4.71417
228,4.70588,4.69779,4.70418,4.71589
229,4.70732,4.70575,4.71009,4.71753
230,4.70192,4.70067,4.6999,4.70447
231,4.6863,4.68456,4.68714,4.69268
232,4.7268,4.72156,4.72427,4.73129
233,4.69394,4.69044,4.6934,4.69419
234,4.70521,4.69772,4.70426,4.71798
235,4.67396,4.67108,4.67072,4.67846
236,4.69586,4.68848,4.69346,4.70292
237,4.71495,4.71361,4.71396,4.71764
238,4.69419,4.69249,4.69487,4.69932
239,4.7053,4.70145,4.70722,4.70747
240,4.70475,4.70394,4.70414,4.70627
241,4.69526,4.69409,4.69642,4.69863
242,4.71439,4.71258,4.71087,4.71095
243,4.69071,4.68889,4.68978,4.69501
244,4.69582,4.69271,4.69536,4.69299
245,4.71384,4.70914,4.70996,4.72868
246,4.73041,4.73182,4.72927,4.72789
247,4.6772,4.67893,4.67831,4.68208
248,4.66783,4.66403,4.66829,4.67396
249,4.70336,4.69889,4.70263,4.70707
250,4.71115,4.70236,4.7033,4.70379
251,4.68721,4.68439,4.68838,4.68922
252,4.68445,4.68389,4.6853,4.68675
253,4.70937,4.70868,4.71232,4.71276
254,4.70636,4.69927,4.70193,4.7043
255,4.70144,4.695,4.6983,4.70632
256,4.71345,4.7,4.69824,4.69886
257,4.70208,4.69816,4.70173,4.70706
258,4.70432,4.70093,4.70325,4.70675
259,4.70083,4.69545,4.69581,4.69838
260,4.68724,4.68365,4.68493,4.69107
261,4.72307,4.7216,4.71945,4.72497
262,4.69159,4.68667,4.68716,4.69253
263,4.69399,4.69404,4.69418,4.70014
264,4.67796,4.67254,4.67661,4.6895
265,4.69777,4.69719,4.69479,4.69867
266,4.69704,4.69687,4.69451,4.69823
267,4.68903,4.68471,4.68439,4.69477
268,4.71162,4.70553,4.7074,4.71134
269,4.70235,4.70331,4.70608,4.70641
270,4.69535,4.69464,4.69648,4.69906
271,4.70777,4.70177,4.70374,4.70488
272,4.70059,4.69761,4.70058,4.70179
273,4.69871,4.69494,4.69825,4.70165
274,4.70058,4.69898,4.69888,4.70262
275,4.69975,4.69569,4.69607,4.69744
276,4.7065,4.69894,4.70406,4.70786
277,4.71425,4.70972,4.71199,4.71609
278,4.721,4.70629,4.70718,4.70746
279,4.68449,4.68449,4.68521,4.68459
280,4.7109,4.71076,4.71387,4.71793
281,4.69576,4.69461,4.69437,4.69498
282,4.69406,4.69232,4.69248,4.69557
283,4.7043,4.70603,4.70464,4.71055
284,4.70581,4.70424,4.70726,4.70829
285,4.70478,4.69423,4.69714,4.70229
286,4.70362,4.69564,4.69385,4.6981
287,4.68627,4.68442,4.68861,4.69127
288,4.70537,4.7046,4.70023,4.70574
289,4.69376,4.68928,4.69329,4.69435
290,4.70371,4.70326,4.70484,4.70699
291,4.68863,4.68629,4.68647,4.68526
292,4.69416,4.69496,4.69256,4.69572
293,4.69801,4.69468,4.69652,4.69987
294,4.69195,4.68981,4.69315,4.69627
295,4.69176,4.68853,4.69153,4.69631
296,4.68989,4.68494,4.68173,4.68311
297,4.69785,4.69768,4.70084,4.70072
298,4.69006,4.69321,4.69096,4.69286
299,4.70413,4.7015,4.70432,4.7062
300,4.70655,4.70439,4.70829,4.70947
301,4.7117,4.71014,4.71111,4.71166
302,4.70986,4.69501,4.6957,4.70055
303,4.70141,4.69947,4.70111,4.70481
304,4.699,4.69436,4.6959,4.69935
305,4.69433,4.69139,4.69178,4.69528
306,4.69389,4.69088,4.68849,4.69062
307,4.6952,4.69179,4.69724,4.69733
308,4.67477,4.6735,4.67158,4.67624
309,4.71849,4.70035,4.70014,4.70413
310,4.67505,4.67374,4.67449,4.6762
311,4.70942,4.70033,4.70577,4.70937
312,4.68484,4.68194,4.68347,4.68752
313,4.71881,4.70294,4.70463,4.70711
314,4.69773,4.69481,4.69353,4.69563
315,4.70945,4.69032,4.69011,4.69194
316,4.68525,4.68058,4.69545,4.68447
317,4.70804,4.70372,4.70512,4.70952
318,4.70946,4.69745,4.6979,4.6997
319,4.7051,4.69338,4.6961,4.69517
320,4.67965,4.6796,4.68301,4.6794
321,4.71489,4.71248,4.71705,4.71851
322,4.68953,4.68632,4.68768,4.69296
323,4.7062,4.70023,4.69934,4.70091
324,4.70184,4.69753,4.70048,4.70134
325,4.68237,4.68242,4.68246,4.68307
326,4.71046,4.69539,4.69664,4.69775
327,4.69318,4.69214,4.69252,4.69194
328,4.73389,4.70148,4.70398,4.70827
329,4.70995,4.68911,4.69329,4.69407
330,4.70207,4.69009,4.68921,4.69319
331,4.68028,4.67903,4.67925,4.68099
332,4.7147,4.69652,4.69605,4.70084
333,4.70177,4.69984,4.70167,4.70381
334,4.70037,4.6972,4.69504,4.70046
335,4.69831,4.69807,4.69841,4.70172
336,4.71056,4.70856,4.70805,4.71025
337,4.69854,4.69546,4.6959,4.69697
338,4.69056,4.6917,4.69178,4.69214
339,4.69124,4.68323,4.70013,4.68276
340,4.68779,4.68834,4.68579,4.68942
341,4.71391,4.70524,4.70767,4.70822
342,4.7037,4.69747,4.69861,4.70189
343,4.69291,4.69173,4.69263,4.6931
344,4.71032,4.7053,4.70784,4.71005
345,4.69599,4.68996,4.69107,4.6924
346,4.6929,4.68858,4.69046,4.6912
347,4.69257,4.68992,4.69056,4.69007
348,4.69718,4.69469,4.69642,4.69907
349,4.68962,4.68307,4.68821,4.68975
350,4.72177,4.71732,4.7173,4.72078
351,4.70027,4.69501,4.69551,4.70379
352,4.69601,4.69103,4.69105,4.69344
353,4.70195,4.70189,4.70408,4.7109
354,4.69301,4.69497,4.69501,4.69648
355,4.70407,4.70185,4.70314,4.70587
356,4.68389,4.68369,4.69353,4.68392
357,4.70422,4.70417,4.70549,4.70629
358,4.70427,4.70474,4.70639,4.70618
359,4.69594,4.6946,4.69434,4.69466
360,4.70146,4.70093,4.70092,4.70205
361,4.6898,4.6875,4.68867,4.68843
362,4.69419,4.69363,4.69202,4.69568
363,4.67738,4.67524,4.67781,4.67935
364,4.69678,4.69577,4.69836,4.70021
365,4.7014,4.69797,4.70008,4.70184
366,4.68128,4.67995,4.68277,4.68409
367,4.70386,4.70025,4.70322,4.70363
368,4.6941,4.68686,4.68946,4.68962
369,4.70146,4.69862,4.70144,4.70164
370,4.67993,4.67758,4.67968,4.68296
371,4.69464,4.6922,4.69375,4.69629
372,4.68782,4.68571,4.68893,4.68922
373,4.6938,4.6912,4.69234,4.69258
374,4.70671,4.7073,4.70848,4.7096
375,4.70662,4.70626,4.70714,4.7079
376,4.70196,4.69015,4.69069,4.69272
377,4.66808,4.66758,4.66902,4.66918
378,4.70687,4.70553,4.70432,4.7048
379,4.68781,4.68415,4.68607,4.68465
380,4.70331,4.70161,4.70308,4.70403
381,4.68786,4.68831,4.69096,4.68971
382,4.6767,4.67547,4.67815,4.67889
383,4.70178,4.69692,4.69803,4.69928
384,4.69413,4.69465,4.69442,4.69511
385,4.67832,4.67738,4.67881,4.67869
386,4.7095,4.70589,4.70564,4.70837
387,4.67616,4.67626,4.67621,4.68036
388,4.6982,4.69522,4.69664,4.69902
389,4.69352,4.69306,4.69256,4.69461
390,4.70588,4.70483,4.70628,4.70779
391,4.71342,4.71137,4.71184,4.71484
392,4.69678,4.69687,4.6986,4.69999
393,4.70173,4.70063,4.70176,4.70375
394,4.6823,4.67913,4.67919,4.68082
395,4.68825,4.6874,4.68681,4.6907
396,4.6828,4.68023,4.68137,4.68268
397,4.68902,4.68857,4.68932,4.69035
398,4.69075,4.68696,4.6873,4.69022
399,4.6836,4.68214,4.68398,4.68615
400,4.68284,4.68446,4.68534,4.68615
401,4.69869,4.69584,4.6978,4.69979
402,4.70254,4.69934,4.69989,4.70131
403,4.69806,4.69784,4.6988,4.69955
404,4.69341,4.6916,4.694,4.69543
405,4.6731,4.67026,4.67177,4.67212
406,4.6941,4.68744,4.69084,4.7062
407,4.72302,4.71812,4.7219,4.72412
408,4.71614,4.71368,4.71622,4.71994
409,4.70519,4.70243,4.70412,4.70577
410,4.68612,4.68135,4.68334,4.68518
411,4.66827,4.66523,4.66604,4.66857
412,4.69206,4.69267,4.69211,4.6942
413,4.68981,4.68641,4.68493,4.68877
414,4.67853,4.67739,4.67591,4.67735
415,4.69793,4.69677,4.69661,4.69986
416,4.69588,4.69552,4.69531,4.69801
417,4.68339,4.68011,4.68204,4.68292
418,4.68324,4.68466,4.68364,4.68637
419,4.69112,4.68882,4.69138,4.6908
420,4.68038,4.67863,4.6825,4.68098
421,4.68686,4.68596,4.68666,4.68716
422,4.68168,4.68086,4.68272,4.6817
423,4.68908,4.68817,4.68917,4.69062
424,4.69364,4.69292,4.69194,4.69174
425,4.6965,4.69402,4.69389,4.69486
426,4.69679,4.69522,4.69447,4.69605
427,4.68385,4.68577,4.68641,4.68693
428,4.69793,4.6967,4.7004,4.70017
429,4.70329,4.70237,4.70281,4.70389
430,4.69654,4.69609,4.69771,4.69751
431,4.71938,4.70593,4.70686,4.70799
432,4.69251,4.69304,4.69402,4.69475
433,4.69947,4.69696,4.69847,4.69971
434,4.68339,4.68463,4.68472,4.68746
435,4.68757,4.68764,4.68942,4.68987
436,4.70413,4.7012,4.70234,4.70379
437,4.68596,4.68445,4.68521,4.68668
438,4.68503,4.68387,4.68449,4.68559
439,4.68658,4.68385,4.68521,4.68647
440,4.68922,4.69064,4.69069,4.69306
441,4.69621,4.69555,4.69522,4.69781
442,4.68889,4.68567,4.68686,4.68994
443,4.67323,4.67247,4.67136,4.67443
444,4.69724,4.69484,4.69435,4.69808
445,4.67682,4.67674,4.67842,4.678
446,4.69196,4.68966,4.69061,4.69222
447,4.68769,4.68728,4.68603,4.68776
448,4.68281,4.68077,4.68201,4.68097
449,4.69748,4.69537,4.69741,4.69756
450,4.70105,4.70011,4.69963,4.70025
451,4.69712,4.69861,4.69628,4.69952
452,4.70605,4.70222,4.70676,4.70644
453,4.68667,4.68736,4.68576,4.68868
454,4.70231,4.70766,4.70315,4.70353
455,4.68095,4.68064,4.68295,4.68244
456,4.65932,4.65984,4.66107,4.66041
457,4.67803,4.67659,4.67812,4.67944
458,4.67529,4.673,4.67608,4.67599
459,4.68419,4.68404,4.68622,4.68672
460,4.69461,4.69335,4.69411,4.69642
461,4.6724,4.69419,4.67159,4.67234
462,4.69386,4.69304,4.69364,4.69596
463,4.65321,4.65241,4.65383,4.6548
464,4.71102,4.71009,4.70949,4.71336
465,4.69013,4.69084,4.69166,4.69352
466,4.69984,4.70147,4.70021,4.70114
467,4.68779,4.70643,4.68912,4.68931
468,4.68543,4.68634,4.68537,4.68475
469,4.6613,4.66114,4.66237,4.66129
470,4.68931,4.69322,4.68879,4.68997
471,4.69845,4.69195,4.69588,4.69946
472,4.68442,4.6818,4.68105,4.68242
473,4.69213,4.69187,4.69259,4.69317
474,4.71112,4.70285,4.70788,4.71056
475,4.69978,4.69875,4.6982,4.69873
476,4.69589,4.69662,4.69377,4.69431
477,4.70023,4.71157,4.69957,4.69904
478,4.69215,4.70652,4.6911,4.69387
479,4.68858,4.68732,4.68807,4.69027
480,4.68966,4.68834,4.68832,4.68834
481,4.66755,4.67956,4.66783,4.6669
482,4.69347,4.69484,4.69367,4.69584
483,4.67809,4.67622,4.67791,4.6785
484,4.68216,4.69358,4.68413,4.68437
485,4.68526,4.68385,4.68272,4.68509
486,4.69441,4.69608,4.6951,4.69465
487,4.677,4.70132,4.67661,4.67916
488,4.68421,4.6821,4.68333,4.68467
489,4.68135,4.68044,4.68216,4.68176
490,4.68919,4.69069,4.68653,4.68894
491,4.6857,4.692,4.68499,4.684
492,4.68964,4.68733,4.69387,4.69104
493,4.68393,4.6867,4.68334,4.68545
494,4.70121,4.71115,4.70151,4.70244
495,4.69008,4.69217,4.6913,4.69273
496,4.69023,4.69064,4.69124,4.69218
497,4.69164,4.69067,4.69152,4.69205
498,4.68957,4.69349,4.68907,4.691
499,4.70106,4.70058,4.69928,4.70034
500,4.69557,4.69185,4.69581,4.69473
501,4.68508,4.68802,4.68478,4.68541
502,4.6884,4.68692,4.68905,4.68953
503,4.68623,4.68562,4.6851,4.68639
504,4.69267,4.69067,4.69229,4.69402
505,4.69013,4.68982,4.69118,4.69048
506,4.68105,4.68087,4.67902,4.68053
507,4.68947,4.7063,4.69027,4.6911
508,4.67888,4.68004,4.67812,4.67884
509,4.6776,4.67865,4.67854,4.68054
510,4.68312,4.68391,4.68262,4.68311
511,4.69128,4.68792,4.69128,4.69332
512,4.67996,4.68739,4.67917,4.67961
513,4.68208,4.67921,4.68063,4.68418
514,4.69776,4.7118,4.69776,4.69745
515,4.69568,4.69381,4.69776,4.69627
516,4.6998,4.69776,4.69992,4.70028
517,4.69244,4.68967,4.69053,4.69174
518,4.68859,4.68771,4.68746,4.68729
519,4.68315,4.68057,4.68368,4.68264
520,4.70483,4.7119,4.70426,4.70475
521,4.69642,4.70541,4.69774,4.69589
522,4.67452,4.67642,4.67498,4.67505
523,4.6898,4.68942,4.69139,4.6913
524,4.68876,4.6884,4.68907,4.69019
525,4.66994,4.66887,4.67106,4.67166
526,4.68738,4.68819,4.6874,4.68807
527,4.68394,4.68548,4.68773,4.68582
528,4.68538,4.6871,4.68461,4.68512
529,4.68952,4.69037,4.69205,4.69149
530,4.70121,4.69139,4.69212,4.69337
531,4.69633,4.69625,4.69562,4.69563
532,4.68272,4.68219,4.68427,4.68356
533,4.67296,4.67284,4.67287,4.67387
534,4.68551,4.68397,4.68416,4.68685
535,4.66872,4.67133,4.6686,4.66961
536,4.67822,4.67709,4.67829,4.68026
537,4.6982,4.6988,4.70042,4.7006
538,4.70496,4.70372,4.70436,4.70434
539,4.67928,4.67901,4.67815,4.67908
540,4.68773,4.6883,4.68776,4.68887
541,4.68156,4.68265,4.68028,4.68229
542,4.68011,4.68092,4.67992,4.67989
543,4.68606,4.68552,4.68584,4.68583
544,4.70307,4.70163,4.70167,4.70222
545,4.68114,4.67931,4.67938,4.68056
546,4.68559,4.6851,4.68443,4.68514
547,4.69649,4.69656,4.69639,4.69839
548,4.70151,4.70782,4.70059,4.70203
549,4.67326,4.67142,4.67192,4.67175
550,4.67468,4.67321,4.67442,4.6749
551,4.69357,4.69303,4.69498,4.6943
552,4.68216,4.683,4.68385,4.68396
553,4.69067,4.69288,4.69247,4.69382
554,4.69157,4.69026,4.6902,4.69099
555,4.70155,4.70264,4.70011,4.7032
556,4.67815,4.68292,4.68126,4.68229
557,4.66564,4.66583,4.66561,4.66692
558,4.70164,4.6891,4.68946,4.69201
559,4.69241,4.694,4.69309,4.69384
560,4.68843,4.68697,4.68677,4.68783
561,4.6767,4.67584,4.67509,4.67579
562,4.69578,4.69512,4.69497,4.6957
563,4.69404,4.70095,4.69027,4.69139
564,4.7057,4.69628,4.69513,4.6976
565,4.68696,4.68561,4.68714,4.68785
566,4.69039,4.6885,4.68883,4.69032
567,4.67232,4.6678,4.66829,4.6685
568,4.68196,4.68055,4.68118,4.68055
569,4.68995,4.69078,4.69031,4.69109
570,4.69569,4.69613,4.69595,4.69527
571,4.69555,4.696,4.6958,4.69537
572,4.67661,4.67722,4.67676,4.67642
573,4.69174,4.69244,4.6915,4.69344
574,4.67089,4.66966,4.66921,4.67124
575,4.68016,4.68134,4.681,4.68147
576,4.68282,4.68268,4.68253,4.68336
577,4.69647,4.69492,4.69549,4.69578
578,4.67299,4.67167,4.67477,4.6742
579,4.68623,4.68404,4.68269,4.68405
580,4.68206,4.68116,4.68132,4.68151
581,4.7054,4.7064,4.70581,4.70774
582,4.6929,4.69176,4.69033,4.6931
583,4.69388,4.69095,4.69233,4.69248
584,4.68111,4.67968,4.67925,4.68153
585,4.6777,4.67706,4.67719,4.67818
586,4.68612,4.68438,4.68528,4.68643
587,4.69507,4.69398,4.69438,4.69681
588,4.68585,4.68311,4.68442,4.68383
589,4.68317,4.68144,4.68167,4.68045
590,4.68316,4.68234,4.68233,4.68277
591,4.68258,4.68166,4.68203,4.68265
592,4.68448,4.68352,4.68376,4.68504
593,4.69741,4.69469,4.69851,4.6965
594,4.68736,4.68333,4.6857,4.68476
595,4.68582,4.68449,4.68485,4.68543
596,4.68531,4.68344,4.68305,4.68535
597,4.69094,4.69079,4.68935,4.68938
598,4.6769,4.67508,4.67438,4.67567
599,4.69156,4.69033,4.69143,4.69344
600,4.68925,4.6883,4.68956,4.68968
601,4.68403,4.68328,4.6841,4.68795
602,4.68102,4.68346,4.68135,4.68382
603,4.67414,4.6747,4.67412,4.67532
604,4.68467,4.68299,4.6844,4.68499
605,4.69662,4.69489,4.69434,4.6952
606,4.68721,4.68756,4.68759,4.68939
607,4.69386,4.69433,4.69425,4.69473
608,4.69009,4.68162,4.68273,4.68278
609,4.68016,4.68441,4.68011,4.68524
610,4.68297,4.67985,4.6809,4.68127
611,4.6774,4.67605,4.67801,4.67837
612,4.68481,4.68381,4.68474,4.68444
613,4.68022,4.67899,4.6798,4.68085
614,4.68221,4.67979,4.68019,4.68239
615,4.69492,4.69262,4.69247,4.70627
616,4.69287,4.68947,4.69169,4.69058
617,4.68518,4.68403,4.6838,4.68503
618,4.68548,4.6851,4.68515,4.68445
619,4.69298,4.69944,4.69339,4.69345
620,4.6877,4.6891,4.68824,4.68902
621,4.68739,4.69126,4.68659,4.69059
622,4.68725,4.68832,4.68662,4.68832
623,4.69253,4.69439,4.69279,4.6932
624,4.68823,4.68799,4.6877,4.68858
625,4.67313,4.67225,4.67248,4.67179
626,4.69322,4.692,4.69269,4.69314
627,4.68813,4.68725,4.68598,4.68734
628,4.68104,4.679,4.67857,4.68111
629,4.69308,4.69213,4.69285,4.69285
630,4.6907,4.69154,4.68928,4.69052
631,4.69203,4.69146,4.69157,4.69163
632,4.68186,4.67973,4.68096,4.68325
633,4.67287,4.67436,4.67349,4.67274
634,4.68535,4.68643,4.68643,4.68463
635,4.68767,4.68682,4.68837,4.68704
636,4.68416,4.68451,4.68439,4.68422
637,4.67377,4.67313,4.67433,4.67417
638,4.65841,4.6579,4.65727,4.65844
639,4.68172,4.67879,4.67921,4.68068
640,4.68542,4.68434,4.68382,4.68445
641,4.67682,4.67456,4.6755,4.67705
642,4.69227,4.69177,4.70475,4.69254
643,4.68886,4.68929,4.68804,4.69063
644,4.67322,4.67176,4.67082,4.67183
645,4.6746,4.67316,4.67498,4.67359
646,4.6954,4.69339,4.69553,4.69575
647,4.69629,4.68037,4.68376,4.68282
648,4.6677,4.66642,4.66798,4.669
649,4.68335,4.68309,4.68517,4.68529
650,4.71546,4.71581,4.71619,4.71637
651,4.69263,4.69011,4.69234,4.69299
652,4.68871,4.68636,4.68719,4.68783
653,4.68872,4.68888,4.68976,4.69867
654,4.69128,4.69132,4.68946,4.69192
655,4.68574,4.68773,4.68447,4.68622
656,4.69275,4.69397,4.69397,4.69388
657,4.69485,4.69459,4.69301,4.69451
658,4.69355,4.69275,4.69193,4.69212
659,4.69564,4.67922,4.67844,4.67735
660,4.68129,4.68376,4.6833,4.68366
661,4.68333,4.68236,4.68384,4.68461
662,4.68359,4.68265,4.68186,4.68232
663,4.68233,4.68146,4.68273,4.68399
664,4.70062,4.70113,4.69904,4.70068
665,4.67795,4.67804,4.67804,4.67795
666,4.68558,4.68668,4.68638,4.68682
667,4.6873,4.68626,4.68699,4.68613
668,4.6792,4.67054,4.67292,4.67182
669,4.69344,4.6937,4.69324,4.69407
670,4.68147,4.68136,4.67993,4.68036
671,4.67274,4.67299,4.67284,4.67229
672,4.70345,4.70484,4.70372,4.70537
673,4.68243,4.68171,4.68201,4.68525
674,4.6722,4.67021,4.67161,4.67128
675,4.68391,4.68152,4.68169,4.68313
676,4.69229,4.69304,4.69554,4.69439
677,4.70435,4.70219,4.70466,4.70557
678,4.68414,4.68497,4.68403,4.68617
679,4.6925,4.6834,4.68399,4.68761
680,4.69093,4.69029,4.69241,4.69105
681,4.68215,4.68242,4.68157,4.68219
682,4.68751,4.68567,4.6863,4.68591
683,4.69198,4.68856,4.68917,4.6902
684,4.68816,4.6861,4.68535,4.68824
685,4.6792,4.67902,4.67841,4.68116
686,4.69593,4.69442,4.69369,4.69518
687,4.6784,4.6777,4.67951,4.67806
688,4.67642,4.67482,4.6759,4.67629
689,4.68871,4.68656,4.68653,4.68631
690,4.68366,4.68224,4.68253,4.68141
691,4.6883,4.68796,4.68756,4.68841
692,4.6685,4.66848,4.66976,4.66978
693,4.69726,4.69471,4.69711,4.69822
694,4.67222,4.67031,4.6715,4.67208
695,4.67953,4.67883,4.67705,4.6796
696,4.69117,4.69241,4.69051,4.69194
697,4.69486,4.69278,4.69325,4.69484
698,4.69853,4.69807,4.69846,4.6986
699,4.67376,4.67291,4.67348,4.67454
700,4.67988,4.6782,4.67984,4.68872
701,4.68295,4.68201,4.68305,4.68479
702,4.67938,4.6805,4.67803,4.68053
703,4.68245,4.68263,4.68306,4.68207
704,4.67914,4.67893,4.6803,4.68055
705,4.67794,4.67976,4.67894,4.67963
706,4.68357,4.68257,4.68443,4.68353
707,4.67418,4.67475,4.67615,4.67395
708,4.67267,4.67367,4.67273,4.67473
709,4.69878,4.69752,4.69968,4.69856
710,4.67462,4.67318,4.67535,4.67569
711,4.68724,4.68633,4.68722,4.68825
712,4.70066,4.69929,4.70017,4.7004
713,4.68416,4.68354,4.683,4.68493
714,4.69808,4.69882,4.69711,4.70052
715,4.68677,4.68678,4.68689,4.68699
716,4.68597,4.68453,4.68633,4.68559
717,4.6761,4.67788,4.67542,4.67835
718,4.67677,4.67628,4.67575,4.67636
719,4.68536,4.68348,4.68317,4.68307
720,4.67531,4.67581,4.67508,4.67484
721,4.67459,4.6732,4.673,4.67404
722,4.67415,4.67504,4.67547,4.67462
723,4.68421,4.68534,4.68668,4.68504
724,4.68247,4.68167,4.68224,4.68111
725,4.69637,4.69495,4.69628,4.69588
726,4.68681,4.68561,4.68665,4.68733
727,4.67682,4.67544,4.67715,4.67734
728,4.66423,4.66398,4.6654,4.66587
729,4.67999,4.67958,4.67972,4.67943
730,4.68261,4.68254,4.68269,4.68293
731,4.6948,4.69451,4.69391,4.69654
732,4.69054,4.68742,4.68762,4.68989
733,4.68473,4.68557,4.68579,4.68577
734,4.6941,4.69301,4.69366,4.69299
735,4.68355,4.68309,4.68467,4.69474
736,4.67686,4.67669,4.67496,4.676
737,4.69365,4.6923,4.69349,4.69293
738,4.67013,4.66945,4.6713,4.67958
739,4.68532,4.6858,4.68396,4.68636
740,4.67621,4.67474,4.67563,4.67538
741,4.69013,4.68861,4.69128,4.69106
742,4.67461,4.67448,4.6733,4.67432
743,4.69491,4.69489,4.69505,4.697
744,4.67953,4.6773,4.67985,4.68024
745,4.68925,4.68969,4.69,4.69096
746,4.67074,4.66848,4.67048,4.67084
747,4.70318,4.70303,4.70402,4.7049
748,4.67915,4.67993,4.67896,4.67869
749,4.69219,4.68632,4.6889,4.68875
750,4.68669,4.68466,4.68512,4.6868
751,4.6739,4.67417,4.67317,4.67378
752,4.68111,4.68081,4.68152,4.68231
753,4.67303,4.6731,4.67415,4.6736
754,4.67399,4.67258,4.67313,4.67236
755,4.68659,4.68577,4.68678,4.68829
756,4.68864,4.68949,4.69017,4.69
757,4.67369,4.67103,4.6719,4.67181
758,4.67506,4.67529,4.67695,4.6774
759,4.68012,4.67959,4.68056,4.6825
760,4.6796,4.67818,4.67983,4.67895
761,4.67845,4.67914,4.67853,4.679
762,4.67819,4.67878,4.67892,4.67884
763,4.67748,4.67734,4.67829,4.67865
764,4.68753,4.68645,4.68707,4.68673
765,4.67574,4.67468,4.67582,4.67551
766,4.67606,4.67781,4.67843,4.67856
767,4.68149,4.68136,4.68086,4.68118
768,4.67464,4.67246,4.67301,4.67257
769,4.68,4.68242,4.68222,4.68291
770,4.69492,4.69499,4.69448,4.69385
771,4.69209,4.68497,4.68477,4.68575
772,4.68384,4.68202,4.68161,4.68276
773,4.66488,4.66498,4.66451,4.66443
774,4.67946,4.6777,4.6797,4.67991
775,4.67254,4.67181,4.67113,4.6729
776,4.68986,4.68732,4.68886,4.69078
777,4.67978,4.67809,4.67958,4.68075
778,4.68764,4.68673,4.68866,4.69083
779,4.68535,4.68241,4.68364,4.68547
780,4.69374,4.69281,4.69361,4.69507
781,4.6697,4.66953,4.66921,4.66943
782,4.67979,4.6786,4.67954,4.68061
783,4.69457,4.69252,4.69309,4.69403
784,4.67731,4.6766,4.67732,4.67822
785,4.68292,4.68255,4.68257,4.68319
786,4.67566,4.6749,4.67391,4.69094
787,4.67561,4.67384,4.67544,4.6766
788,4.68371,4.68256,4.68296,4.68414
789,4.70298,4.70074,4.70144,4.7037
790,4.68315,4.68448,4.68356,4.68427
791,4.67285,4.67263,4.67224,4.67387
792,4.68547,4.68266,4.6838,4.68397
793,4.67951,4.67836,4.67899,4.67925
794,4.68607,4.68576,4.68571,4.68586
795,4.69191,4.69224,4.69171,4.69278
796,4.6785,4.67587,4.67755,4.679
797,4.68388,4.68424,4.68472,4.68554
798,4.69554,4.69609,4.69629,4.69626
799,4.69472,4.6933,4.69507,4.69556
800,4.68388,4.68202,4.68268,4.68279
801,4.69184,4.69091,4.69158,4.69237
802,4.67185,4.67125,4.6726,4.67308
803,4.6891,4.68718,4.68809,4.68743
804,4.67507,4.67579,4.67588,4.67559
805,4.70303,4.68472,4.68401,4.68408
806,4.68606,4.68524,4.68578,4.68599
807,4.68976,4.68995,4.69009,4.69263
808,4.6806,4.67897,4.68027,4.6819
809,4.68391,4.68314,4.6856,4.68507
810,4.68965,4.68913,4.6888,4.6892
811,4.66966,4.66991,4.66895,4.66965
812,4.68054,4.68116,4.68213,4.68118
813,4.6805,4.67992,4.67957,4.68077
814,4.68075,4.68012,4.68152,4.68177
815,4.67871,4.67953,4.67951,4.67912
816,4.69941,4.69763,4.69786,4.69867
817,4.67046,4.66921,4.67085,4.66974
818,4.67767,4.67872,4.6776,4.67834
819,4.68383,4.68386,4.68376,4.68493
820,4.67734,4.67601,4.67621,4.67948
821,4.67139,4.67213,4.67252,4.6732
822,4.6684,4.66726,4.66761,4.66913
823,4.6872,4.68771,4.68746,4.68817
824,4.69402,4.69198,4.69339,4.69246
825,4.67364,4.67353,4.67389,4.67407
826,4.68305,4.68145,4.68229,4.68229
827,4.67318,4.67209,4.67268,4.67416
828,4.68259,4.68242,4.68366,4.6836
829,4.68604,4.68535,4.68496,4.68364
830,4.67688,4.67653,4.67751,4.67724
831,4.6847,4.68375,4.68514,4.68563
832,4.68587,4.68591,4.68585,4.68561
833,4.69059,4.69157,4.69075,4.69166
834,4.68144,4.68131,4.68267,4.68186
835,4.68218,4.68139,4.68239,4.68202
836,4.67939,4.67025,4.67034,4.67127
837,4.67045,4.67043,4.6709,4.67062
838,4.68534,4.68659,4.6867,4.68605
839,4.68593,4.68561,4.68599,4.68789
840,4.68428,4.68386,4.68301,4.68318
841,4.68894,4.68744,4.68812,4.68805
842,4.67463,4.67593,4.67492,4.67585
843,4.67794,4.6791,4.67852,4.67838
844,4.68024,4.67895,4.67943,4.67971
845,4.66276,4.663,4.66327,4.66449
846,4.67157,4.67102,4.6713,4.67205
847,4.6969,4.69709,4.69705,4.69722
848,4.67111,4.67046,4.67176,4.6707
849,4.69001,4.68761,4.69001,4.69053
850,4.6833,4.68045,4.68259,4.68181
851,4.69504,4.6947,4.69472,4.696
852,4.67215,4.67213,4.67234,4.67216
853,4.69422,4.69216,4.69332,4.69367
854,4.69357,4.69158,4.69292,4.6933
855,4.68663,4.68465,4.68536,4.68606
856,4.69037,4.68882,4.68963,4.69069
857,4.68295,4.68251,4.68409,4.68251
858,4.68701,4.68523,4.6872,4.68684
859,4.69359,4.69305,4.69264,4.69429
860,4.67947,4.68004,4.68081,4.6808
861,4.68586,4.68565,4.68563,4.68677
862,4.69114,4.69183,4.69121,4.6919
863,4.67929,4.68134,4.6804,4.68179
864,4.68153,4.68267,4.68254,4.6829
865,4.68381,4.68147,4.68253,4.68334
866,4.68122,4.6805,4.68148,4.69456
867,4.6739,4.67308,4.67419,4.67452
868,4.67042,4.67096,4.67039,4.67037
869,4.67935,4.6786,4.68001,4.68018
870,4.68528,4.68303,4.68372,4.68385
871,4.69911,4.69856,4.69865,4.69894
872,4.68104,4.67979,4.68065,4.67919
873,4.69211,4.69378,4.69214,4.69216
874,4.68656,4.68548,4.68632,4.68599
875,4.68604,4.68491,4.68511,4.68516
876,4.69127,4.68975,4.69128,4.69181
877,4.67019,4.67028,4.67083,4.67015
878,4.67762,4.6775,4.67813,4.67818
879,4.67762,4.67822,4.67848,4.67933
880,4.67028,4.66982,4.66981,4.66943
881,4.67698,4.67741,4.67743,4.67869
882,4.68192,4.68104,4.68146,4.68328
883,4.67183,4.67216,4.67251,4.67288
884,4.67011,4.67006,4.67095,4.67039
885,4.69079,4.69174,4.69121,4.69092
886,4.68387,4.68368,4.68291,4.68385
887,4.67643,4.67671,4.67616,4.6759
888,4.67009,4.66935,4.66973,4.66955
889,4.68671,4.68664,4.68667,4.68645
890,4.70288,4.70094,4.70115,4.70265
891,4.68762,4.68736,4.68733,4.68901
892,4.6701,4.66931,4.66958,4.67032
893,4.67125,4.66841,4.67071,4.67171
894,4.68151,4.67867,4.68068,4.68061
895,4.68091,4.68071,4.68025,4.68018
896,4.68386,4.68364,4.68294,4.68243
897,4.6726,4.67152,4.67171,4.67321
898,4.67527,4.67577,4.67519,4.67541
899,4.6905,4.6898,4.69002,4.69133
900,4.67077,4.67158,4.67148,4.67261
901,4.69563,4.69468,4.69584,4.69596
902,4.67519,4.67547,4.67577,4.67718
903,4.69411,4.69382,4.69409,4.69431
904,4.69224,4.69166,4.69238,4.69311
905,4.68825,4.68693,4.68742,4.68745
906,4.69298,4.69294,4.69202,4.69223
907,4.67894,4.67888,4.67901,4.67901
908,4.67541,4.67527,4.67612,4.67574
909,4.68433,4.68498,4.68478,4.68542
910,4.67704,4.67717,4.67665,4.67784
911,4.68966,4.68952,4.68961,4.68905
912,4.68184,4.68127,4.68245,4.68393
913,4.6925,4.69159,4.69217,4.6925
914,4.67043,4.67174,4.67266,4.67171
915,4.6839,4.68342,4.6846,4.68436
916,4.674,4.67543,4.67579,4.67524
917,4.67029,4.67091,4.67125,4.67036
918,4.68165,4.68092,4.68257,4.68249
919,4.68135,4.68211,4.68064,4.68118
920,4.66555,4.66584,4.66647,4.66735
921,4.68436,4.68473,4.68372,4.68283
922,4.68026,4.67865,4.67952,4.67957
923,4.68037,4.67907,4.68047,4.67995
924,4.68021,4.68108,4.68161,4.6822
925,4.68354,4.68396,4.68372,4.68423
926,4.68423,4.6831,4.68416,4.685
927,4.69453,4.69362,4.69291,4.69456
928,4.68914,4.68803,4.68927,4.68959
929,4.69782,4.69625,4.69657,4.69669
930,4.69191,4.69272,4.69295,4.69337
931,4.68316,4.68244,4.68222,4.6826
932,4.67961,4.67944,4.67811,4.69362
933,4.68333,4.68163,4.68278,4.68151
934,4.67835,4.67928,4.67841,4.67858
935,4.67797,4.67818,4.67613,4.67762
936,4.66781,4.6688,4.66841,4.66907
937,4.68051,4.67978,4.68097,4.68018
938,4.69991,4.69891,4.69916,4.70059
939,4.69266,4.69278,4.69268,4.69339
940,4.66944,4.66727,4.66837,4.66765
941,4.68334,4.68195,4.68453,4.68393
942,4.68475,4.68465,4.68615,4.68484
943,4.69932,4.69664,4.69845,4.6985
944,4.6776,4.67714,4.6785,4.67842
945,4.68064,4.67974,4.6804,4.68147
946,4.67605,4.67428,4.67479,4.67591
947,4.69214,4.69196,4.69274,4.69382
948,4.69395,4.68031,4.67989,4.67967
949,4.68947,4.688,4.68757,4.68819
950,4.68988,4.6903,4.68984,4.6911
951,4.66807,4.66801,4.66789,4.66828
952,4.69518,4.69476,4.69537,4.69665
953,4.71055,4.70171,4.70169,4.70301
954,4.6972,4.67923,4.67681,4.69367
955,4.70344,4.68295,4.68405,4.68423
956,4.69954,4.68144,4.68139,4.68158
957,4.71355,4.69321,4.69355,4.69499
958,4.72177,4.6749,4.67665,4.67677
959,4.70501,4.68715,4.69004,4.689
960,4.69399,4.69146,4.69446,4.69349
961,4.6732,4.67101,4.67095,4.67024
962,4.69397,4.69261,4.69254,4.69495
963,4.67802,4.67645,4.67838,4.67883
964,4.6816,4.67864,4.67933,4.67884
965,4.68346,4.68119,4.68252,4.68251
966,4.68019,4.67723,4.67694,4.67761
967,4.68065,4.67274,4.67445,4.67582
968,4.69117,4.68357,4.68376,4.6855
969,4.67993,4.68116,4.68149,4.68096
970,4.66766,4.66482,4.6649,4.66496
971,4.67763,4.67567,4.67566,4.67533
972,4.6676,4.66823,4.66847,4.66845
973,4.67793,4.67424,4.67352,4.67415
974,4.69377,4.69222,4.69319,4.69257
975,4.69665,4.6977,4.6973,4.69806
976,4.68523,4.68311,4.68368,4.68294
977,4.67793,4.67547,4.67505,4.67563
978,4.68058,4.68045,4.67954,4.68056
979,4.6769,4.67408,4.67293,4.67448
980,4.67995,4.67847,4.67793,4.67789
981,4.68047,4.67999,4.68063,4.67935
982,4.67999,4.68073,4.68172,4.68336
983,4.69126,4.69202,4.69328,4.69229
984,4.67229,4.67213,4.67256,4.67272
985,4.70414,4.67874,4.6805,4.67981
986,4.68363,4.68389,4.68261,4.68412
987,4.68103,4.68125,4.67989,4.67987
988,4.69865,4.6979,4.69727,4.6973
989,4.67509,4.6726,4.6719,4.6729
990,4.66879,4.66635,4.66746,4.66652
991,4.67645,4.67276,4.67148,4.67138
992,4.69281,4.68873,4.68913,4.69051
993,4.68899,4.68868,4.68887,4.6894
994,4.67683,4.67574,4.67655,4.6773
995,4.68069,4.67011,4.67131,4.67015
996,4.68319,4.68288,4.68338,4.68347
997,4.68149,4.67962,4.67994,4.67987
998,4.69163,4.69144,4.69294,4.69265
999,4.68046,4.68179,4.68278,4.68254
1000,4.68876,4.68823,4.68824,4.68813
1001,4.68621,4.68558,4.68564,4.68489
1002,4.69264,4.68096,4.68229,4.68215
1003,4.67895,4.67721,4.6787,4.67872
1004,4.6835,4.68284,4.68294,4.6835
1005,4.68244,4.68267,4.68224,4.68345
1006,4.6762,4.67526,4.67612,4.67684
1007,4.67314,4.67135,4.67141,4.67113
1008,4.67555,4.67283,4.67372,4.67419
1009,4.66964,4.66815,4.66843,4.67016
1010,4.67957,4.67898,4.67968,4.6796
1011,4.67935,4.67855,4.67843,4.67812
1012,4.69764,4.6867,4.68778,4.68721
1013,4.68231,4.68117,4.68214,4.68115
1014,4.67562,4.67481,4.67542,4.67483
1015,4.68228,4.68028,4.68094,4.682
1016,4.68371,4.68061,4.68246,4.68228
1017,4.67951,4.6802,4.6818,4.68078
1018,4.701,4.67887,4.67762,4.67777
1019,4.67748,4.67805,4.67829,4.67818
1020,4.67362,4.67276,4.67247,4.67304
1021,4.68894,4.69012,4.68935,4.69038
1022,4.67274,4.66844,4.66876,4.66869
1023,4.69715,4.67812,4.67856,4.67872
1024,4.67748,4.67981,4.67903,4.67886
1025,4.67798,4.67236,4.67141,4.67216
1026,4.67936,4.67953,4.68069,4.68193
1027,4.69006,4.68112,4.68203,4.68172
1028,4.70175,4.67968,4.68102,4.67944
1029,4.68139,4.67992,4.68001,4.68019
1030,4.68126,4.67919,4.67902,4.67924
1031,4.677,4.67713,4.67761,4.67758
1032,4.68823,4.68647,4.68563,4.68642
1033,4.68169,4.6683,4.66947,4.67009
1034,4.67914,4.681,4.68102,4.68183
1035,4.67984,4.6787,4.67793,4.67937
1036,4.69158,4.69215,4.69231,4.6927
1037,4.67678,4.67687,4.67679,4.67757
1038,4.71222,4.68284,4.68305,4.68286
1039,4.68143,4.67926,4.67931,4.6798
1040,4.67736,4.67528,4.6769,4.67787
1041,4.69655,4.6875,4.68867,4.68901
1042,4.67379,4.6732,4.67324,4.67327
1043,4.69019,4.68937,4.68847,4.68823
1044,4.69234,4.67481,4.67607,4.67587
1045,4.71122,4.68755,4.68816,4.68762
1046,4.68004,4.67765,4.6785,4.67917
1047,4.68481,4.68129,4.68189,4.68262
1048,4.69352,4.68556,4.6853,4.68486
1049,4.68701,4.68207,4.68197,4.68116
1050,4.69108,4.68749,4.68887,4.68962
1051,4.65676,4.6536,4.65475,4.65315
1052,4.68719,4.68396,4.68581,4.68635
1053,4.68744,4.68668,4.68656,4.68727
1054,4.68708,4.68688,4.68765,4.68652
1055,4.68149,4.68107,4.68142,4.68304
1056,4.69237,4.67135,4.67194,4.67313
1057,4.70989,4.69289,4.69254,4.69337
1058,4.69274,4.6777,4.67859,4.67977
1059,4.68411,4.66672,4.66606,4.66658
1060,4.67758,4.67669,4.67661,4.67744
1061,4.67499,4.67412,4.67386,4.67402
1062,4.68104,4.67855,4.68005,4.67912
1063,4.67845,4.67731,4.67796,4.67773
1064,4.67714,4.6735,4.67356,4.67275
1065,4.67855,4.67711,4.67589,4.67671
1066,4.67744,4.67571,4.67674,4.67678
1067,4.69466,4.68719,4.68745,4.68708
1068,4.67264,4.67111,4.67146,4.67115
1069,4.68715,4.6857,4.68636,4.68703
1070,4.67933,4.67249,4.67287,4.67345
1071,4.68418,4.68178,4.68212,4.68305
1072,4.67285,4.67147,4.67258,4.67218
1073,4.69387,4.6794,4.68109,4.68153
1074,4.69094,4.6906,4.69139,4.69147
1075,4.68387,4.68338,4.68336,4.6838
1076,4.6824,4.6821,4.68272,4.68164
1077,4.67983,4.6797,4.68059,4.68101
1078,4.67786,4.6757,4.67605,4.67631
1079,4.68756,4.68874,4.69006,4.69073
1080,4.67796,4.67706,4.67659,4.6774
1081,4.68051,4.67915,4.67949,4.67895
1082,4.66663,4.66811,4.66867,4.66916
1083,4.67946,4.67792,4.67979,4.67967
1084,4.68295,4.68689,4.68624,4.68624
1085,4.68933,4.67396,4.67411,4.67405
1086,4.69557,4.6838,4.68451,4.68506
1087,4.68202,4.68026,4.68188,4.68041
1088,4.68038,4.67896,4.67982,4.67942
1089,4.68746,4.6861,4.68668,4.68823
1090,4.68291,4.68131,4.68035,4.68114
1091,4.68489,4.6818,4.68153,4.6818
1092,4.68544,4.67077,4.67175,4.67167
1093,4.70473,4.6846,4.68555,4.68554
1094,4.70797,4.66876,4.66992,4.66965
1095,4.70981,4.67074,4.67218,4.6718
1096,4.71306,4.67256,4.67389,4.67322
1097,4.71929,4.67872,4.67846,4.67849
1098,4.71157,4.6781,4.68037,4.67945
1099,4.7026,4.67436,4.67465,4.67427
1100,4.70111,4.6762,4.67614,4.6766
1101,4.70442,4.68291,4.68351,4.68366
1102,4.69856,4.67882,4.67853,4.67941
1103,4.68981,4.66967,4.66899,4.6705
1104,4.68973,4.67299,4.67217,4.67267
1105,4.68172,4.66962,4.67051,4.66979
1106,4.68829,4.67526,4.67634,4.67703
1107,4.69668,4.68955,4.68944,4.68993
1108,4.70414,4.68935,4.69052,4.69065
1109,4.70463,4.68974,4.69138,4.69087
1110,4.68664,4.67443,4.67482,4.67499
1111,4.69411,4.68139,4.68111,4.68137
1112,4.68972,4.67483,4.67451,4.67481
1113,4.69756,4.68188,4.68326,4.68314
1114,4.681,4.67447,4.67453,4.67354
1115,4.68776,4.68053,4.68024,4.68
1116,4.6842,4.67971,4.67827,4.67856
1117,4.68004,4.67275,4.67395,4.67373
1118,4.69489,4.67854,4.67763,4.67817
1119,4.69159,4.68136,4.6829,4.68319
1120,4.67961,4.6769,4.67633,4.67615
1121,4.6854,4.68196,4.68268,4.68181
1122,4.68238,4.67328,4.67345,4.67374
1123,4.6943,4.68287,4.68334,4.68345
1124,4.68455,4.68186,4.68172,4.68244
1125,4.68972,4.69218,4.69259,4.69284
1126,4.69185,4.69841,4.69769,4.69925
1127,4.68268,4.68236,4.6833,4.68325
1128,4.67671,4.67709,4.67668,4.67759
1129,4.67806,4.6796,4.67977,4.6799
1130,4.6641,4.66279,4.66404,4.66344
1131,4.67142,4.66936,4.66915,4.66873
1132,4.67942,4.67851,4.67868,4.67877
1133,4.68293,4.68234,4.68147,4.68235
1134,4.69458,4.69543,4.69618,4.69592
1135,4.69341,4.68258,4.68322,4.68158
1136,4.68524,4.67718,4.67845,4.67961
1137,4.68003,4.67553,4.67696,4.67748
1138,4.66466,4.66505,4.66548,4.66535
1139,4.68222,4.68166,4.67998,4.68018
1140,4.67631,4.67363,4.67394,4.6744
1141,4.6842,4.68225,4.6834,4.68364
1142,4.65622,4.65665,4.65604,4.65663
1143,4.68627,4.68729,4.68851,4.6884
1144,4.67516,4.67161,4.67188,4.67252
1145,4.6827,4.67705,4.68016,4.67989
1146,4.67479,4.67101,4.67273,4.67288
1147,4.67982,4.6802,4.68062,4.67952
1148,4.67528,4.67467,4.67495,4.67567
1149,4.69006,4.68622,4.68719,4.68714
1150,4.67053,4.66883,4.66996,4.67018
1151,4.67849,4.6764,4.67625,4.67682
1152,4.68661,4.68612,4.68527,4.68493
1153,4.69065,4.68878,4.68846,4.6899
1154,4.6767,4.67447,4.67544,4.67469
1155,4.67632,4.67703,4.67717,4.67693
1156,4.69955,4.69982,4.69893,4.69922
1157,4.67233,4.67121,4.67122,4.67095
1158,4.68508,4.68382,4.68333,4.68353
1159,4.68424,4.68512,4.68498,4.68495
1160,4.67028,4.67196,4.67083,4.67058
1161,4.67689,4.67654,4.67551,4.67628
1162,4.67661,4.67444,4.67482,4.67471
1163,4.67536,4.67485,4.67472,4.67488
1164,4.6672,4.66804,4.66795,4.66906
1165,4.66976,4.66804,4.66748,4.66904
1166,4.6878,4.68716,4.68595,4.68709
1167,4.67934,4.67724,4.67824,4.67851
1168,4.68108,4.68048,4.68145,4.68187
1169,4.67388,4.67618,4.67656,4.67554
1170,4.69498,4.69241,4.69297,4.6921
1171,4.6783,4.67669,4.67798,4.67807
1172,4.685,4.68421,4.68412,4.68417
1173,4.67986,4.67768,4.67902,4.67811
1174,4.67755,4.6778,4.6777,4.67706
1175,4.66931,4.67058,4.67069,4.67055
1176,4.67523,4.6716,4.67222,4.6722
1177,4.67153,4.66947,4.66913,4.67017
1178,4.6761,4.67547,4.67554,4.6762
1179,4.67331,4.67413,4.67427,4.67439
1180,4.68948,4.6885,4.68842,4.68857
1181,4.67793,4.67747,4.67793,4.67814
1182,4.66909,4.67059,4.67058,4.6701
1183,4.675,4.67411,4.67449,4.67587
1184,4.67672,4.67475,4.67568,4.67503
1185,4.67103,4.67095,4.67082,4.67093
1186,4.67773,4.67617,4.6771,4.67788
1187,4.67307,4.67151,4.67106,4.67145
1188,4.68846,4.68766,4.68866,4.68914
1189,4.66895,4.67059,4.66982,4.6698
1190,4.67469,4.67499,4.67639,4.67464
1191,4.68243,4.68163,4.68239,4.68159
1192,4.6724,4.67034,4.671,4.67119
1193,4.67555,4.67071,4.67128,4.67173
1194,4.67014,4.66893,4.67055,4.66983
1195,4.68089,4.68056,4.68002,4.68059
1196,4.66241,4.66084,4.6608,4.66086
1197,4.68826,4.68555,4.68748,4.68718
1198,4.6828,4.68187,4.68249,4.68167
1199,4.68423,4.68275,4.68332,4.68291
1200,4.68185,4.68022,4.68053,4.68048
1201,4.68136,4.68018,4.6816,4.68107
1202,4.67965,4.67888,4.67913,4.68475
1203,4.68679,4.68536,4.6862,4.68635
1204,4.66419,4.66214,4.66281,4.66265
1205,4.66931,4.66847,4.66811,4.66797
1206,4.68194,4.68236,4.68137,4.68356
1207,4.67813,4.67665,4.67659,4.67753
1208,4.6689,4.66922,4.66973,4.66873
1209,4.68445,4.68198,4.6832,4.68323
1210,4.68066,4.67802,4.6793,4.67969
1211,4.68044,4.67956,4.67924,4.67971
1212,4.68469,4.68415,4.68375,4.68393
1213,4.67803,4.67834,4.67794,4.67808
1214,4.68412,4.68296,4.68422,4.68376
1215,4.67572,4.67393,4.67448,4.67381
1216,4.67834,4.67693,4.6774,4.68878
1217,4.6796,4.67989,4.68021,4.67845
1218,4.67592,4.6747,4.67528,4.67715
1219,4.69646,4.69198,4.69227,4.69198
1220,4.6788,4.67719,4.67805,4.67817
1221,4.6877,4.68712,4.68787,4.68634
1222,4.68557,4.68543,4.68619,4.68581
1223,4.69287,4.69242,4.69338,4.69244
1224,4.68488,4.68407,4.68471,4.68443
1225,4.68606,4.68673,4.68653,4.68726
1226,4.69462,4.69257,4.69296,4.69372
1227,4.67052,4.6685,4.66991,4.66993
1228,4.68067,4.67956,4.67986,4.67915
1229,4.6646,4.66293,4.664,4.66665
1230,4.68776,4.68756,4.68638,4.68686
1231,4.68229,4.68047,4.68107,4.68114
1232,4.67372,4.67283,4.67264,4.67289
1233,4.6901,4.68983,4.69136,4.69255
1234,4.68059,4.67807,4.67964,4.67931
1235,4.68217,4.68138,4.68168,4.68179
1236,4.69185,4.68935,4.69027,4.69015
1237,4.69436,4.69197,4.69374,4.69294
1238,4.69348,4.69128,4.69115,4.69138
1239,4.67428,4.67554,4.67536,4.675
1240,4.68568,4.68634,4.68543,4.68532
1241,4.67184,4.67023,4.67112,4.67176
1242,4.67793,4.67859,4.67755,4.67826
1243,4.68438,4.68464,4.68477,4.68473
1244,4.67171,4.6703,4.67198,4.671
1245,4.66523,4.66546,4.66527,4.66486
1246,4.67191,4.67073,4.67137,4.67466
1247,4.68028,4.67692,4.67797,4.67668
1248,4.68167,4.68125,4.68172,4.68069
1249,4.67499,4.67344,4.67363,4.67333
1250,4.67948,4.67581,4.67712,4.67575
1251,4.68796,4.68893,4.68812,4.68837
1252,4.67139,4.67202,4.67278,4.67241
1253,4.6787,4.67908,4.67958,4.67961
1254,4.68622,4.68567,4.68545,4.68649
1255,4.67891,4.6786,4.67925,4.67901
1256,4.69042,4.69235,4.69092,4.69166
1257,4.69228,4.69115,4.69227,4.69334
1258,4.68586,4.68555,4.68533,4.68482
1259,4.67706,4.67633,4.67786,4.67634
1260,4.68158,4.68003,4.68155,4.6803
1261,4.67495,4.67525,4.67502,4.67576
1262,4.67427,4.67485,4.67414,4.67518
1263,4.66781,4.66775,4.66851,4.66849
1264,4.67417,4.67471,4.67453,4.67469
1265,4.6849,4.6819,4.68314,4.6821
1266,4.68193,4.68029,4.68085,4.68054
1267,4.67693,4.67748,4.67804,4.67868
1268,4.66266,4.66128,4.66297,4.66236
1269,4.67871,4.67806,4.67881,4.67874
1270,4.67926,4.67749,4.6777,4.67726
1271,4.68824,4.68766,4.68907,4.68771
1272,4.69158,4.69073,4.69259,4.69097
1273,4.67928,4.67276,4.6727,4.67212
1274,4.66998,4.67006,4.67002,4.66982
1275,4.68459,4.68494,4.68431,4.68472
1276,4.69014,4.68983,4.68905,4.68974
1277,4.69352,4.69313,4.69261,4.6931
1278,4.68642,4.68525,4.68558,4.68728
1279,4.68923,4.68893,4.68836,4.68829
1280,4.68075,4.67906,4.68014,4.68206
1281,4.68041,4.67963,4.68031,4.67956
1282,4.68438,4.68471,4.6853,4.68564
1283,4.67525,4.67437,4.67447,4.6749
1284,4.68494,4.68194,4.68284,4.6842
1285,4.67798,4.67813,4.67777,4.67828
1286,4.67829,4.67657,4.67534,4.67579
1287,4.6816,4.68196,4.68079,4.68125
1288,4.67781,4.67681,4.67587,4.67695
1289,4.67207,4.67157,4.67113,4.67243
1290,4.67576,4.67519,4.67655,4.67639
1291,4.67106,4.6706,4.67043,4.67061
1292,4.67991,4.67941,4.67949,4.67962
1293,4.68133,4.68175,4.68279,4.68237
1294,4.67573,4.67601,4.67612,4.67563
1295,4.68693,4.68379,4.68605,4.70403
1296,4.67953,4.67931,4.67893,4.69692
1297,4.67378,4.6736,4.67335,4.67387
1298,4.68004,4.67949,4.67958,4.68111
1299,4.69045,4.6778,4.6792,4.67811
1300,4.69472,4.69438,4.69462,4.69389
1301,4.68111,4.67958,4.67975,4.68006
1302,4.67454,4.67384,4.67432,4.68912
1303,4.68501,4.68413,4.68597,4.68379
1304,4.67302,4.67315,4.67321,4.67399
1305,4.6768,4.67748,4.67798,4.67737
1306,4.68505,4.68483,4.68506,4.68611
1307,4.67815,4.67751,4.67854,4.67944
1308,4.68012,4.67989,4.67961,4.67943
1309,4.67619,4.67564,4.67567,4.67631
1310,4.67448,4.67325,4.67371,4.67437
1311,4.66157,4.66298,4.66326,4.6614
1312,4.67183,4.67125,4.67278,4.67185
1313,4.6866,4.68592,4.68659,4.68522
1314,4.66695,4.66727,4.66741,4.66766
1315,4.67736,4.67628,4.67651,4.67681
1316,4.6803,4.68046,4.68071,4.68954
1317,4.67615,4.67518,4.67564,4.67643
1318,4.66615,4.66676,4.66608,4.66667
1319,4.67386,4.67221,4.67345,4.67381
1320,4.67922,4.67691,4.6775,4.67844
1321,4.68036,4.67917,4.67965,4.70131
1322,4.6818,4.68124,4.68178,4.68163
1323,4.67529,4.67378,4.67373,4.67323
1324,4.67067,4.66997,4.67176,4.67122
1325,4.68251,4.68202,4.68247,4.68274
1326,4.66838,4.66844,4.66905,4.66847
1327,4.67114,4.66942,4.66862,4.66974
1328,4.6889,4.68896,4.6893,4.68867
1329,4.67889,4.66921,4.66836,4.66936
1330,4.6762,4.67646,4.67785,4.67814
1331,4.67529,4.67539,4.67545,4.6754
1332,4.68193,4.68254,4.68347,4.68389
1333,4.68105,4.68002,4.6803,4.68137
1334,4.67606,4.67466,4.67467,4.67302
1335,4.67994,4.67977,4.67994,4.68019
1336,4.69624,4.68566,4.68561,4.68513
1337,4.70442,4.70392,4.70451,4.70367
1338,4.68557,4.68596,4.68692,4.68713
1339,4.68855,4.68072,4.68188,4.68197
1340,4.68647,4.67781,4.67817,4.67737
1341,4.66898,4.66831,4.66877,4.66738
1342,4.69592,4.68883,4.68897,4.68857
1343,4.68363,4.68416,4.68505,4.68506
1344,4.66838,4.66934,4.66962,4.67047
1345,4.67933,4.67654,4.67781,4.68003
1346,4.68774,4.68538,4.68583,4.6861
1347,4.68095,4.68055,4.68226,4.68112
1348,4.67635,4.67213,4.67267,4.67347
1349,4.68729,4.68774,4.688,4.68833
1350,4.67705,4.67785,4.67717,4.67765
1351,4.68474,4.68636,4.6863,4.68722
1352,4.67182,4.66994,4.66986,4.66903
1353,4.68066,4.67953,4.68024,4.68979
1354,4.67359,4.67546,4.67476,4.6742
1355,4.67933,4.67882,4.67897,4.67941
1356,4.67332,4.67233,4.67372,4.67454
1357,4.67978,4.67849,4.67869,4.67972
1358,4.67784,4.67873,4.67829,4.67741
1359,4.67425,4.6747,4.6747,4.67585
1360,4.67944,4.67829,4.68031,4.67877
1361,4.67299,4.67309,4.67275,4.67142
1362,4.68456,4.68488,4.68499,4.68607
1363,4.67593,4.67524,4.6756,4.67558
1364,4.66456,4.66345,4.66466,4.66365
1365,4.68036,4.67918,4.67952,4.68059
1366,4.68412,4.68359,4.68361,4.68412
1367,4.6683,4.66774,4.66773,4.66909
1368,4.67594,4.67487,4.67521,4.67777
1369,4.67084,4.67174,4.67098,4.66988
1370,4.68063,4.67913,4.68118,4.6807
1371,4.671,4.67029,4.67058,4.67038
1372,4.67985,4.68029,4.67973,4.67863
1373,4.68034,4.68051,4.68207,4.68261
1374,4.68194,4.68165,4.68153,4.68193
1375,4.68537,4.68454,4.68506,4.68758
1376,4.682,4.68131,4.68068,4.69103
1377,4.68738,4.68577,4.68728,4.68725
1378,4.67114,4.66814,4.66918,4.67037
1379,4.67858,4.67905,4.67956,4.68775
1380,4.69228,4.68301,4.68353,4.68112
1381,4.67701,4.6774,4.67719,4.67733
1382,4.6817,4.68041,4.68129,4.68322
1383,4.66982,4.66828,4.66931,4.66925
1384,4.67539,4.67593,4.67607,4.67565
1385,4.68329,4.68451,4.68447,4.69455
1386,4.69057,4.68968,4.69116,4.70394
1387,4.68489,4.68239,4.68204,4.68212
1388,4.67743,4.67794,4.67829,4.67756
1389,4.67529,4.67512,4.67556,4.67682
1390,4.67504,4.67486,4.67478,4.67511
1391,4.68444,4.68455,4.68485,4.68949
1392,4.67431,4.67375,4.67416,4.67425
1393,4.67821,4.67807,4.67921,4.67804
1394,4.6733,4.67391,4.67298,4.67416
1395,4.67906,4.67848,4.6792,4.67921
1396,4.68066,4.67947,4.68071,4.68065
1397,4.66906,4.66773,4.66845,4.67158
1398,4.6806,4.68003,4.68044,4.67872
1399,4.67956,4.67792,4.67928,4.67938
1400,4.66871,4.66914,4.66907,4.69602
1401,4.66782,4.66739,4.66788,4.68436
1402,4.66998,4.67072,4.67057,4.6701
1403,4.67528,4.67487,4.67553,4.67768
1404,4.68165,4.67914,4.68063,4.68168
1405,4.67523,4.67411,4.6736,4.67984
1406,4.68507,4.68431,4.68513,4.68633
1407,4.67238,4.6715,4.67142,4.67111
1408,4.66756,4.66966,4.66909,4.67222
1409,4.69507,4.68633,4.68646,4.69163
1410,4.67564,4.67534,4.67533,4.67595
1411,4.69149,4.6896,4.69002,4.68914
1412,4.68128,4.68007,4.68112,4.67974
1413,4.68105,4.68019,4.68093,4.68276
1414,4.68139,4.67874,4.67885,4.67863
1415,4.67952,4.67835,4.67997,4.68037
1416,4.6843,4.68416,4.68385,4.68293
1417,4.67296,4.67177,4.67261,4.67354
1418,4.68212,4.68175,4.68304,4.68255
1419,4.68156,4.68107,4.68145,4.6811
1420,4.6879,4.68857,4.68814,4.68928
1421,4.68199,4.68126,4.68105,4.68776
1422,4.67263,4.67156,4.67169,4.67263
1423,4.67345,4.67361,4.67353,4.67338
1424,4.67233,4.6712,4.67219,4.67408
1425,4.66947,4.66896,4.66875,4.66867
1426,4.66706,4.6672,4.66767,4.6781
1427,4.68145,4.68215,4.68173,4.68089
1428,4.67514,4.67643,4.67566,4.67726
1429,4.67975,4.66936,4.66952,4.67042
1430,4.67636,4.6762,4.67585,4.67433
1431,4.67364,4.67374,4.67328,4.67307
1432,4.68107,4.68176,4.68162,4.68209
1433,4.66896,4.66929,4.66957,4.67207
1434,4.67711,4.67687,4.67736,4.67637
1435,4.68559,4.68363,4.6844,4.68538
1436,4.68924,4.68877,4.68954,4.689
1437,4.69009,4.68884,4.69023,4.69079
1438,4.68419,4.69402,4.68518,4.68646
1439,4.68411,4.68523,4.68505,4.68486
1440,4.679,4.67922,4.67884,4.67994
1441,4.67906,4.67856,4.67861,4.67767
1442,4.68933,4.68728,4.68731,4.68652
1443,4.67396,4.67305,4.67374,4.67436
1444,4.66452,4.66384,4.66457,4.66375
1445,4.67584,4.67585,4.67694,4.67751
1446,4.6827,4.68172,4.68282,4.68154
1447,4.67374,4.67284,4.67286,4.67407
1448,4.68298,4.6827,4.68335,4.68368
1449,4.681,4.68061,4.68065,4.68074
1450,4.67854,4.67776,4.67847,4.67848
1451,4.66535,4.66599,4.66576,4.66765
1452,4.66648,4.6643,4.66482,4.66502
1453,4.66917,4.66954,4.66891,4.66945
1454,4.67533,4.67583,4.67557,4.67641
1455,4.67931,4.67774,4.67834,4.67701
1456,4.68409,4.68411,4.68387,4.68624
1457,4.67237,4.67144,4.67206,4.67189
1458,4.67897,4.67864,4.67932,4.67916
1459,4.68451,4.68375,4.68528,4.68462
1460,4.67697,4.67765,4.6779,4.67856
1461,4.6896,4.68878,4.68945,4.68901
1462,4.66863,4.66692,4.66645,4.66792
1463,4.68092,4.67919,4.67886,4.6801
1464,4.67838,4.67909,4.67935,4.67858
1465,4.68816,4.68665,4.68649,4.68757
1466,4.66275,4.66343,4.66309,4.66315
1467,4.6768,4.67587,4.67651,4.6761
1468,4.68559,4.68477,4.68569,4.68565
1469,4.67137,4.67294,4.67208,4.67215
1470,4.67483,4.67626,4.67646,4.67659
1471,4.68567,4.68543,4.68449,4.68495
1472,4.67985,4.6807,4.68088,4.68086
1473,4.68681,4.68606,4.68605,4.68572
1474,4.67747,4.67755,4.67801,4.67755
1475,4.67879,4.67827,4.67904,4.678
1476,4.66607,4.66632,4.66638,4.66696
1477,4.66792,4.6686,4.66863,4.66799
1478,4.67289,4.67353,4.67401,4.67343
1479,4.67667,4.67614,4.67597,4.68053
1480,4.68122,4.68166,4.68143,4.68045
1481,4.69157,4.69142,4.69167,4.69064
1482,4.67296,4.67436,4.67339,4.67299
1483,4.67894,4.66938,4.67024,4.67014
1484,4.67418,4.67283,4.67322,4.67326
1485,4.68223,4.68062,4.6815,4.68101
1486,4.68031,4.68084,4.68144,4.67986
1487,4.68514,4.68517,4.68477,4.68722
1488,4.69516,4.69583,4.69622,4.69614
1489,4.67443,4.67443,4.67505,4.67512
1490,4.68527,4.68565,4.68601,4.69425
1491,4.66909,4.66817,4.66881,4.66924
1492,4.69372,4.69339,4.69329,4.69471
1493,4.687,4.68366,4.68547,4.68551
1494,4.68432,4.68376,4.68413,4.68339
1495,4.67874,4.6796,4.67962,4.67955
1496,4.6772,4.67667,4.6771,4.67726
1497,4.68313,4.68191,4.68174,4.68227
1498,4.68592,4.68529,4.68508,4.69131
1499,4.6763,4.67553,4.67473,4.67633
1500,4.67195,4.67182,4.67131,4.6721
